{"cameraMode":{"drawMode":0,"name":"Shaded","section":"Shading Mode"},"sceneLighting":true,"audioPlay":false,"sceneViewState":{"m_AlwaysRefresh":false,"showFog":true,"showSkybox":true,"showFlares":true,"showImageEffects":true,"showParticleSystems":true,"showVisualEffectGraphs":true,"m_FxEnabled":true},"in2DMode":false,"pivot":{"x":-0.5985649824142456,"y":-7.37463903427124,"z":12.770432472229004},"rotation":{"x":-0.18204283714294434,"y":0.050710681825876239,"z":-0.009401747956871987,"w":-0.9819395542144775},"size":12.07102108001709,"orthographic":false}